INSERT INTO "group" VALUES (222330, 28795, 'JPL U12 Warrior - Blue', false, 'U12');
INSERT INTO "group" VALUES (222333, 28796, 'JPL U13 Warrior - Blue', false, 'U13');
INSERT INTO "group" VALUES (222634, 28798, 'JPL U15 Warrior - Red', false, 'U15');
INSERT INTO "group" VALUES (222641, 28799, 'JPL U16 Warrior - Green', false, 'U16');
INSERT INTO "group" VALUES (234513, 29701, 'JPL U12 Cup', true, 'U12');
INSERT INTO "group" VALUES (234514, 29702, 'JPL U13 Cup', true, 'U13');
INSERT INTO "group" VALUES (234819, 29721, 'JPL U15 Cup', true, 'U15');
INSERT INTO "group" VALUES (234822, 29730, 'JPL U15 Cup', true, 'U16');

INSERT INTO squad VALUES (1, 'U12', 'The Inspire Girls Academy Under 12''s team provides a platform for young girls passionate about football, aspiring to become professional athletes. Our committed passion to driving success has allowed former, and current players the opportunity in securing full-time contracts at the Brighton FC football academy as well as some of our current players having been selected for the Oxford Town and Reading Emerging Talent Centres which have opened avenues for further opportunities in their football journeys.', 'u12-team.jpg', 'U12');
INSERT INTO squad VALUES (2, 'U13', 'Inspire Girls Academy provides a platform for young girls passionate about football, aspiring to become professional athletes. Our committed passion to driving success has allowed former, and current players the opportunity in securing full-time contracts at the Brighton FC football academy as well as some of our current players having been selected for the Oxford Town and Reading Emerging Talent Centres which have opened avenues for further opportunities in their football journeys.', 'u13-team.jpg', 'U13');
INSERT INTO squad VALUES (3, 'U15', 'Inspire Girls Academy provides a platform for young girls passionate about football, aspiring to become professional athletes. Our committed passion to driving success has allowed former, and current players the opportunity in securing full-time contracts at the Brighton FC football academy as well as some of our current players having been selected for the Oxford Town and Reading Emerging Talent Centres which have opened avenues for further opportunities in their football journeys.', 'u15-team.jpg', 'U15');
INSERT INTO squad VALUES (4, 'U16', 'Inspire Girls Academy provides a platform for young girls passionate about football, aspiring to become professional athletes. Our committed passion to driving success has allowed former, and current players the opportunity in securing full-time contracts at the Brighton FC football academy as well as some of our current players having been selected for the Oxford Town and Reading Emerging Talent Centres which have opened avenues for further opportunities in their football journeys.', 'u16-team.jpg', 'U16');


INSERT INTO staff VALUES (1, 'Sophie Hollis', 'Manager', 'Sophie has played for several elite clubs in and around the area of Surrey & Hampshire. At 17,
Sophie gained a full athletic scholarship to play professional college soccer in America. After battling
through a long term injury, Sophie fell in love with coaching, so much so that she decided to create
Inspire Girls Football & IGA.

Sophie now continues to inspire over 3,000 players across the country. Sophie has recently got back from
America where she was head coach for several elite travel teams in New York, New Jersey & Pennsylvania', 'staff/sophie.jpg', 'u16@inspiregirlsacademy.co.uk', 4);

INSERT INTO staff VALUES (2, 'Aaron Campbell', 'Coach', 'Joining Inspire Girls Academy at the outset of the 2023/24 season, Aaron holds dual roles as
both a coach and our Chair. With a background in business and a wealth of management expertise,
he plays a vital role in steering us towards sustained growth.

Aaron''s commitment to our committee''s vision and unwavering enthusiasm is matched only by a
profound dedication to providing girls with an elite pathway in football. This shared
passion harmonizes seamlessly with our organizational commitment to creating a nurturing
platform where talent can not only flourish but also evolve.', 'staff/aaron.jpg', NULL, 3);

INSERT INTO staff VALUES (3, 'Paul MacRae', 'Manager', 'Paul, or Jocky, inherited his nickname from his adult playing days at Hartley Wintney. Paul
played for several other local clubs including Bagshot, Bass Alton & Fleet Spurs.

A very well respected coach, he has 17 years of coaching experience at all ages, including Allied Counties
u18s, adult mens teams and a former Aldershot & Farnborough District coach at u11s.', 'staff/paul.jpg', 'u15@inspiregirlsacademy.co.uk', 3);

INSERT INTO staff VALUES (4, 'Erin Wetherill', 'Manager', 'Hello, I''m Erin, and I proudly lead the U13''s team at Inspire Girls Academy. My journey
with IGA began from its inception, and I''ve been immersed in the club''s growth and
development since day one.

My coaching philosophy centers on more than just the technical aspects of the game. Drawing
from my own experiences, I''m passionate about instilling confidence in young players. I lost
and regained my love for football, battled through injuries, and emerged stronger. Now, I aim
to empower the girls not only with the skills to excel on the pitch but also with a mindset
that fosters resilience and self-assurance. I find joy in educating the girls on injury prevention,
playing with confidence, proper warm-up routines, and physical strength on the pitch. It''s not
just about the game; it''s about equipping them with life skills, showing them how to use their abilities
effectively and safely.

Join me and the U13''s team at Inspire Girls Academy, where we don''t just play football;
we build confidence, resilience, and a love for the game that lasts a lifetime.', 'staff/unknown.png', 'u13@inspiregirlsacademy.co.uk', 2);

INSERT INTO staff VALUES (5, 'Kieran Doyle', 'Coach', 'Kieran has been coaching Girls football since starting the FA Wildcats program at AFC Walcountians
in 2018. He holds an FA Level 1 qualification and is awaiting his UEFA C coaching course start.

Kieran manages and coaches U13 Girls on Sundays in the Surrey County Womens & Girls League, in
addition to the U9 Boys team in the Surrey Youth League and being Assistant Coach to the Adults
1stXI, that are currently in the Surrey Premier County Football League.', 'staff/kieran.png', NULL, 2);

INSERT INTO staff VALUES (6, 'Gareth Wedgewood', 'Coach', 'Having coached girls football for 14 years both in England and in the USA, my coaching
philosophy revolves around a player-centered, or as I prefer, ''needs-centered'' approach.
This empowers players to take ownership, fostering both individual and team growth.

I believe in giving players the freedom to make decisions and solve problems, especially
beneficial for younger players who thrive in an environment that encourages expressing
themselves on the pitch. I value the input of each player in training and games, promoting
problem-solving and decision-making.

As a coach, my role is to provide support when needed,
building strong relationships by sharing ideas with the individuals I work with.', 'staff/gareth.jpg', NULL, 1);

INSERT INTO staff VALUES (7, 'Hannah Cooper', 'Coach', 'Hannah brings a wealth of knowledge and a deep passion for football to Inspire Girls
Academy. A proud alumna of the University of Exeter, where she earned her degree in Exercise
and Sports Science, Hannah''s educational journey continued with a Master''s in Sports Medicine
and a PGCE.

Her professional journey has taken her through renowned football academies, including Chelsea,
Portsmouth, Crystal Palace, Dorking, and Glasgow Rangers, where she has played a pivotal role
in shaping the next generation of athletes.

Hannah has a rich history of playing the game and coaching across various levels. From contributing
to Surrey Schools FA and English Colleges to serving as the Sports Conditioning Coach for Women''s
National League Side Gillingham (now Chatham), Hannah''s expertise spans both grassroots and elite
football.', 'staff/coops.jpg', NULL, 4);

INSERT INTO staff VALUES (8, 'Sophie Hollis', 'President', 'I like to tell myself that I learned about life with a ball at my feet.
My passion for football developed from the age of five and even to this day I realised
that football was going to play an integral part in my life and future career pathway.
I have had several setbacks through injury and mental health problems, this has shaped
me into the woman I am today.

Football has had such a positive influence on my life. It has provided me with a sense
of community and confidence that continues to shape my life on and off the pitch.
I have an unrivalled desire to contribute to the future sporting careers of athletes
and young girls. Coaches have what children want — the games they love. They have the
power to inspire, influence and change the lives of the ones they coach.', 'staff/sophie.jpg', 'president@inspiregirlsacademy.co.uk', NULL);

INSERT INTO staff VALUES (9, 'Aaron Campbell', 'Chairman', 'Joining Inspire Girls Academy at the outset of the 2023/24 season, Aaron holds dual roles as
both a coach and our Chair. With a background in business and a wealth of management expertise,
he plays a vital role in steering us towards sustained growth.

Aaron''s commitment to our committee''s vision and unwavering enthusiasm is matched only by a
profound dedication to providing girls with an elite pathway in football. This shared
passion harmonizes seamlessly with our organizational commitment to creating a nurturing
platform where talent can not only flourish but also evolve.', 'staff/aaron.jpg', 'chair@inspiregirlsacademy.co.uk', NULL);
INSERT INTO staff VALUES (10, 'Paul MacRae', 'Vice Charman', 'Paul, or Jocky, inherited his nickname from his adult playing days at Hartley Wintney. Paul
played for several other local clubs including Bagshot, Bass Alton & Fleet Spurs.

A very well respected coach, he has 17 years of coaching experience at all ages, including Allied Counties
u18s, adult mens teams and a former Aldershot & Farnborough District coach at u11s.', 'staff/paul.jpg', 'vicechair@inspiregirlsacademy.co.uk', NULL);

INSERT INTO staff VALUES (11, 'Darren Moggach', 'Treasurer', 'After taking a role at Fleet Town Girls & Ladies FC in 2017 IGAs found, Darren Moggach,
identified the level of local talent, but found there was no pathway for those players to
continue their journey, and ultimately, their dream to play professional football.

Darren has more recently taken on the role as treasurer for this club.', 'staff/darren.jpg', 'treasurer@inspiregirlsacademy.co.uk', NULL);


INSERT INTO team VALUES (1776464, 2, 222333, 'Inspire Girls Academy', 'https://juqd6p359okelgwv.blob.vercel-storage.com/images/crests/1776464-4VV4v6CZu90oLh5hw2MU89pugPKv1g.png');
INSERT INTO team VALUES (1778356, 1, 222330, 'Inspire Girls Academy', 'https://juqd6p359okelgwv.blob.vercel-storage.com/images/crests/1778356-h7J4aN53AIfASGDYzGRQ33ExTlfp9M.jpeg');
INSERT INTO team VALUES (1782574, 3, 222634, 'Inspire Girls Academy', 'https://juqd6p359okelgwv.blob.vercel-storage.com/images/crests/1782574-TMLn2d1qRZuXR06X1LDyM4gQVsCKgS.jpeg');
INSERT INTO team VALUES (1782692, 4, 222641, 'Inspire Girls Academy', 'https://juqd6p359okelgwv.blob.vercel-storage.com/images/crests/1782692-yCwDMRfPL9ONg8Gh5VB2u88GK91DXL.png');
INSERT INTO team VALUES (1775757, NULL, 222330, 'West Ham United Foundation', 'https://juqd6p359okelgwv.blob.vercel-storage.com/images/crests/1775757-vTXi4kPKWLpWcwsdexVkWwSkLo96ok.jpeg');
INSERT INTO team VALUES (1775838, NULL, 222330, 'Atalanta Sports FC', 'https://juqd6p359okelgwv.blob.vercel-storage.com/images/crests/1775838-25JdPhvoOH4VLMIyYEtRTSN9uMFqw4.jpeg');
INSERT INTO team VALUES (1775841, NULL, 222330, 'Crystal Palace FC', 'https://juqd6p359okelgwv.blob.vercel-storage.com/images/crests/1775841-UGFpNKVTkvyi5NZGTHbFhjUfEARGaT.png');
INSERT INTO team VALUES (1775845, NULL, 222330, 'Gerrards Cross & Fulmer FC', 'https://juqd6p359okelgwv.blob.vercel-storage.com/images/crests/1775845-KsAhaEyCNsBcE3SaBrh9jmT3wp8FXh.png');
INSERT INTO team VALUES (1775853, NULL, 222330, 'Watford Ladies FC', 'https://juqd6p359okelgwv.blob.vercel-storage.com/images/crests/1775853-AKBoREp9zaOLMAFvtVTTeZMP3wHeqs.png');
INSERT INTO team VALUES (1775859, NULL, 222330, 'Woking Football Club', 'https://juqd6p359okelgwv.blob.vercel-storage.com/images/crests/1775859-PDirRo7YiZ8X5GF5190bHh4vZBPZEV.png');
INSERT INTO team VALUES (1776244, NULL, 222330, 'AFC Stoneham', 'https://juqd6p359okelgwv.blob.vercel-storage.com/images/crests/1776244-FYj2JLj0ggv8JQMhEKGwPGhgEXqOSJ.png');
INSERT INTO team VALUES (1776458, NULL, 222333, 'AFC Wimbledon', 'https://juqd6p359okelgwv.blob.vercel-storage.com/images/crests/1776458-zu8xs11hes3PJm7ty15iE9cScUV92d.png');
INSERT INTO team VALUES (1776461, NULL, 222333, 'Fareham Town Youth', 'https://juqd6p359okelgwv.blob.vercel-storage.com/images/crests/1776461-5lbFlaT35NNNDcrvaxuKhOSTylPMjV.png');
INSERT INTO team VALUES (1776468, NULL, 222333, 'Watford Ladies FC', 'https://juqd6p359okelgwv.blob.vercel-storage.com/images/crests/1776468-pBhiQOam7z62YJELlGB4d2I2Ytk3FE.png');
INSERT INTO team VALUES (1776470, NULL, 222333, 'Woking Football Club', 'https://juqd6p359okelgwv.blob.vercel-storage.com/images/crests/1776470-mtKBi6We4OVfINpRDl6hOmvxJFFQq6.png');
INSERT INTO team VALUES (1782566, NULL, 222634, 'Charlton Athletic', 'https://juqd6p359okelgwv.blob.vercel-storage.com/images/crests/1782566-GxDDDWXTMyO8rEW9oczEyjXTwrpVpq.jpeg');
INSERT INTO team VALUES (1782571, NULL, 222634, 'FC Evolution', 'https://juqd6p359okelgwv.blob.vercel-storage.com/images/crests/1782571-aIW3c2tPoGQGk6yPJmD3fvKFr4yxd7.png');
INSERT INTO team VALUES (1782573, NULL, 222634, 'Grays Athletic Girls', 'https://juqd6p359okelgwv.blob.vercel-storage.com/images/crests/1782573-daKF3Yh5XwIIkjp68lw35np8OgcXgr.png');
INSERT INTO team VALUES (1782576, NULL, 222634, 'Kings Hill FC', 'https://juqd6p359okelgwv.blob.vercel-storage.com/images/crests/1782576-Wg7bpXqNPgVMLDfMed9tRkhDUGAk79.jpeg');
INSERT INTO team VALUES (1782577, NULL, 222634, 'Milton Keynes Dons', 'https://juqd6p359okelgwv.blob.vercel-storage.com/images/crests/1782577-T5OQCOJ6HpOOAoJYaFQwdhG7MsGFk3.jpg');
INSERT INTO team VALUES (1782586, NULL, 222634, 'Billericay Town FC', 'https://juqd6p359okelgwv.blob.vercel-storage.com/images/crests/1782586-6ByzPe1rx1Z0DRGMIijNFrCbnZRYwX.png');
INSERT INTO team VALUES (1782590, NULL, 222634, 'Watford Ladies FC', 'https://juqd6p359okelgwv.blob.vercel-storage.com/images/crests/1782590-nTHur13IUqZXdUJzlIhVfA2VCkeC0X.png');
INSERT INTO team VALUES (1782591, NULL, 222634, 'Dorking Wanderers Academy', 'https://juqd6p359okelgwv.blob.vercel-storage.com/images/crests/1782591-KgFsKcBw9lB7luHOEc45zJjEocS7ZM.jpg');
INSERT INTO team VALUES (1782632, NULL, 222641, 'Watford Ladies FC', 'https://juqd6p359okelgwv.blob.vercel-storage.com/images/crests/1782632-wGr7nhcRZRGwJjwQvJJ7h4cOaozGxa.png');
INSERT INTO team VALUES (1782646, NULL, 222641, 'Queens Park Rangers FC', 'https://juqd6p359okelgwv.blob.vercel-storage.com/images/crests/1782646-9fejDyQ5UF50yX9LccMe4fIFJgTzW6.png');
INSERT INTO team VALUES (1782664, NULL, 222641, 'LFTC', 'https://juqd6p359okelgwv.blob.vercel-storage.com/images/crests/1782664-xZfoyjZ1bwXJ6RKeJP624UYv9MrpwE.jpeg');
INSERT INTO team VALUES (1782668, NULL, 222641, 'AFC Reading', 'https://juqd6p359okelgwv.blob.vercel-storage.com/images/crests/1782668-TV3d4or7GklpoZw6oYk15z27WIchl7.jpeg');
INSERT INTO team VALUES (1782688, NULL, 222641, 'Hayes & Yeading United', 'https://juqd6p359okelgwv.blob.vercel-storage.com/images/crests/1782688-CtIv9xmRNjnkQbaMREAcluDn5Q6vlm.png');
INSERT INTO team VALUES (1782690, NULL, 222641, 'HFR Haringey Girls', 'https://juqd6p359okelgwv.blob.vercel-storage.com/images/crests/1782690-ZRxEhTAsvx8mpKnCls15kdsPS99LrV.jpeg');
INSERT INTO team VALUES (1840614, 1, 234513, 'Inspire Girls Academy', 'https://juqd6p359okelgwv.blob.vercel-storage.com/images/crests/1778356-h7J4aN53AIfASGDYzGRQ33ExTlfp9M.jpeg');
INSERT INTO team VALUES (1840707, 2, 234514, 'Inspire Girls Academy', 'https://juqd6p359okelgwv.blob.vercel-storage.com/images/crests/1778356-h7J4aN53AIfASGDYzGRQ33ExTlfp9M.jpeg');
INSERT INTO team VALUES (1842584, 3, 234819, 'Inspire Girls Academy', 'https://juqd6p359okelgwv.blob.vercel-storage.com/images/crests/1778356-h7J4aN53AIfASGDYzGRQ33ExTlfp9M.jpeg');
INSERT INTO team VALUES (1843150, 4, 234822, 'Inspire Girls Academy', 'https://juqd6p359okelgwv.blob.vercel-storage.com/images/crests/1778356-h7J4aN53AIfASGDYzGRQ33ExTlfp9M.jpeg');
